model	nDCG	Recall	APLT
EASER_neighborhood=10020_l2_norm=30$0	0.07470743017168238	0.09232295571459607	0.09336770238261113
